COLUMNA,DESCRIPCION,ORIGEN,TIPO_DATO,LONGITUD,CODIGO_VALIDO
entidad_a,Entidad federativa,SECC III. 4,Numérico,2,1 al 99
enticve1,Entidad,SECC III. 4,Carácter,2500,
nombre1,Nombre de la entidad de fiscalización superior u homóloga,SECC III. 4,Carácter,2500,
posesion_b,Tipo de posesión,SECC III. 4,Numérico,2,0 al 98
municve1,Clave de Municipio o demarcación territorial,SECC III. 4,Carácter,2500,
municip1,Nombre de Municipio o demarcación territorial,SECC III. 4,Carácter,2500,
colonia1,Colonia,SECC III. 4,Carácter,2500,
latitud1,Latitud,SECC III. 4,Carácter,2500,
longitu1,Longitud,SECC III. 4,Carácter,2500,
horario1,Horario de atención (formato de 24 horas),SECC III. 4,Carácter,2500,
correo1,Correo electrónico de contacto,SECC III. 4,Carácter,2500,
telefo1,Número telefónico de contacto (diez dígitos),SECC III. 4,Carácter,2500,
