COLUMNA,DESCRIPCION,ORIGEN,TIPO_DATO,LONGITUD,CODIGO_VALIDO
entidad_a,Entidad federativa,SECC III. 1,Numérico,2,1 al 99
enticve1,Entidad,SECC III. 1,Carácter,2500,
rnspni1,Existencia de alguna unidad administrativa o área encargada del desarrollo de actividades para la generación y tratamiento de información estadística y geográfica,SECC III. 1,Numérico,2,0 al 98
anios_a,Año de creación (aaaa),SECC III. 1,Carácter,4,"1900-2090, NA, NSS, ND, NP, NULL"
nombre1,Nombre,SECC III. 1,Carácter,2500,
