ARCHIVO,CONTENIDO
m1s3p1,"Existencia de alguna unidad administrativa o área encargada del desarrollo de actividades para la generación y tratamiento de información estadística y geográfica en el Congreso, al cierre del año 2023."
m1s3p2,"Personal adscrito a la unidad administrativa o área encargada del desarrollo de actividades para la generación y tratamiento de información estadística y geográfica del Congreso, según rango de edad y sexo, al cierre del año 2023."
m1s3p3,"Tipo de información generada por la unidad administrativa o área encargada del desarrollo de actividades para la generación y tratamiento de información estadística y geográfica del Congreso, al cierre del año 2023."
m1s3p4,"Existencia de alguna entidad de fiscalización superior u homóloga en el Congreso, al cierre del año 2023."
m1s3p4cp2,"Entidad de fiscalización superior u homóloga del Congreso, según ubicación geográfica, al cierre del año 2023."
