entidad_a,enticve1,nombre1,posesion_b,municve1,municip1,colonia1,latitud1,longitu1,horario1,correo1,telefo1
1,01,ORGANO SUPERIOR DE FISCALIZACION DEL ESTADO DE AGUASCALIENTES,2,001,AGUASCALIENTES,BOSQUES DEL PRADO NORTE,21.912230,-102.311600,08:00 - 16:00,CONTACTO@OSFAGS.GOB.MX,4499183616
2,02,AUDITORIA SUPERIOR DEL ESTADO DE BAJA CALIFORNIA,2,002,MEXICALI,CENTRO CIVICO,32.639905,-115.471060,08:00 - 15:00,TRANSPARENCIA@ASEBC.GOB.MX,6868004040
3,03,NO APLICA,0,NO APLICA,NO APLICA,NO APLICA,NO APLICA,NO APLICA,NO APLICA,NO APLICA,NO APLICA
4,04,AUDITORIA SUPERIOR DEL ESTADO DE CAMPECHE,2,002,CAMPECHE,SECTOR LAS FLORES,19.822640,-090.531760,08:30 - 16:30,RCEBALLOS@ASECAM.GOB.MX,9818111150
5,05,AUDITORIA SUPERIOR DEL ESTADO DE COAHUILA,1,030,SALTILLO,BOULEVARD LOS FUNDADORES 7269 EL SAUZ,25.434544,-100.923925,09:00 - 16:00,ASECOAHUILA@ASECOAHUILA.GOB.MX,8441717000
6,06,ORGANO SUPERIOR DE AUDITORIA Y FISCALIZACION GUBERNAMENTAL,9,002,COLIMA,CENTRO,19.254130,-103.717040,08:30 - 17:00,CONTACTO@OSAF.GOB.MX,3123142151
7,07,AUDITORIA SUPERIOR DEL ESTADO,2,101,TUXTLA GUTIÉRREZ,LAS AMERICAS,16.772996,-093.117628,08:00 - 16:00,ASUPERIOR@ASECHIAPAS.GOB.MX,9613468520
8,08,AUDITORIA SUPERIOR DEL ESTADO DE CHIHUAHUA,1,019,CHIHUAHUA,PARQUE INDUSTRIAL LAS AMERICAS,28.651648,-106.122290,09:00 - 15:00,LUIS.MEZA@AUDITORIACHIHUAHUA.GOB.MX,6142142400
9,09,NO DISPONIBLE,98,INFORMACIÓN NO DISPONIBLE,NO DISPONIBLE,NO DISPONIBLE,INFORMACIÓN NO DISPONIBLE,INFORMACIÓN NO DISPONIBLE,NO DISPONIBLE,NO DISPONIBLE,NO DISPONIBLE
10,10,ENTIDAD DE AUDITORIA SUPERIOR DEL ESTADO,1,005,DURANGO,CENTRO,24.034140,-104.667700,09:00 - 15:00,NO APLICA,6188130199
11,11,AUDITORIA SUPERIOR DEL ESTADO DE GUANAJUATO,1,015,GUANAJUATO,BUROCRATAS,20.985622,-101.286513,08:30 - 16:00,CONTACTOASEG@ASEG.GOB.MX,473 735 28 00
12,12,AUDITORIA SUPERIOR DEL ESTADO DE GUERRERO,2,029,CHILPANCINGO DE LOS BRAVO,LOMA BONITA,17.540736,-099.498125,09:00 - 15:00,INFO@AUDITORIAGUERRERO.GOB.MX,7474719370
13,13,AUDITORIA SUPERIOR DEL ESTADO DE HIDALGO,2,048,PACHUCA DE SOTO,PUERTA DE HIERRO,20.093172,-098.764791,08:30 - 16:30,SILVIA.ORTEGA@ASEH.GOB.MX,7716901000
14,14,ORGANO INTERNO DE CONTROL,1,039,GUADALAJARA,CENTRO,20.678030,-103.345700,09:00 - 21:00,CONTRALORIA@CONGRESOJAL.GOB.MX,3336791515
15,15,ORGANO SUPERIOR DE FISCALIZACION DEL ESTADO DE MEXICO,1,106,TOLUCA,CENTRO,19.288877,-99.6564129,09:00 - 18:00,WEBMASTER@OSFEM.GOB.MX,7221678450
16,16,AUDITORIA SUPERIOR DE MICHOACAN,2,053,MORELIA,CHAPULTEPEC SUR,19.693240,-101.177748,09:00 - 15:00,AUDITORIASUPERIORMICH@ASM.GOB.MX,4433108300
17,17,NO APLICA,0,NO APLICA,NO APLICA,NO APLICA,NO APLICA,NO APLICA,NO APLICA,NO APLICA,NO APLICA
18,18,AUDITORIA SUPERIOR DEL ESTADO DE NAYARIT,2,017,TEPIC,CIUDAD DEL VALLE,21.490742,-104.885905,08:00 - 16:00,AUDITORIASUPERIOR@ASEN.GOB.MX,3112100263
19,19,AUDITORIA SUPERIOR DEL ESTADO DE NUEVO LEON,9,039,MONTERREY,OBISPADO,25.674974,-100.348270,08:00 - 16:00,INFO@ASENL.GOB.MX,8120333400
20,20,NO APLICA,0,NO APLICA,NO APLICA,NO APLICA,NO APLICA,NO APLICA,NO APLICA,NO APLICA,NO APLICA
21,21,AUDITORIA SUPERIOR DEL ESTADO DE PUEBLA,9,114,PUEBLA,CENTRO,19.041860,-098.204090,09:00 - 17:00,TRANSPARENCIA@AUDITORIAPUEBLA.GOB.MX,2222293400
22,22,NO APLICA,0,NO APLICA,NO APLICA,NO APLICA,NO APLICA,NO APLICA,NO APLICA,NO APLICA,NO APLICA
23,23,ORGANO INTERNO DE CONTROL DEL PODER LEGISLATIVO,2,004,OTHÓN P. BLANCO,ADOLFO LOPEZ MATEOS,18.519870,-088.287590,09:00 - 15:30,LUCIASANCHEZ@CONGRESOQROO.GOB.MX,9831269197
24,24,INSTITUTO DE FISCALIZACION SUPERIOR DEL ESTADO DE SAN LUIS POTOSI,1,028,SAN LUIS POTOSÍ,CENTRO,22.148453,-100.976860,08:00 - 15:00,CONTACTO@ASESLP.GOB.MX,4441441600
25,25,AUDITORIA SUPERIOR DEL ESTADO DE SINALOA,1,006,CULIACÁN,JARDINES,24.805210,-107.412630,09:00 - 16:00,ASE@ASE-SINALOA.GOB.MX,6677592060
26,26,NO APLICA,0,NO APLICA,NO APLICA,NO APLICA,NO APLICA,NO APLICA,NO APLICA,NO APLICA,NO APLICA
27,27,ORGANO SUPERIOR DE FISCALIZACION DEL ESTADO DE TABASCO,2,004,CENTRO,DEL BOSQUE,17.974247,-092.950050,09:00 - 15:00,CONTACTO@OSFE.GOB.MX,9933511940
28,28,AUDITORIA SUPERIOR DEL ESTADO DE TAMAULIPAS,1,041,VICTORIA,HOGARES MODERNOS,23.741165,-099.142536,08:30 - 16:00,CONTACTO@ASETAMAULIPAS.GOB.MX,834153 6800
29,29,ORGANO DE FISCALIZACION SUPERIOR DEL ESTADO DE TLAXCALA,1,033,TLAXCALA,CENTRO,19.289520,-098.250550,09:00 - 18:00,AUDITORSUPERIOR@OFSTLAXCALA.GOB.MX,246 462 0750
30,30,ORGANO DE FISCALIZACION SUPERIOR DEL ESTADO DE VERACRUZ,9,087,XALAPA,RESERVA TERRITORIAL,19.509927,-096.872781,09:00 - 18:00,NO APLICA,2288418600
31,31,NO APLICA,0,NO APLICA,NO APLICA,NO APLICA,NO APLICA,NO APLICA,NO APLICA,NO APLICA,NO APLICA
32,32,AUDITORIA SUPERIOR DEL ESTADO DE ZACATECAS,2,017,GUADALUPE,CAÑADA DE LA BUFA,22.764091,-102.534006,08:30 - 15:30,VICTORCH2023@HOTMAIL.COM,4921285623
