entidad_a,enticve1,rnspni1,anios_a,nombre1
1,01,1,2008,ORGANO SUPERIOR DE FISCALIZACION DEL ESTADO DE AGUASCALIENTES
2,02,1,2017,AUDITORIA SUPERIOR DEL ESTADO DE BAJA CALIFORNIA
3,03,2,NA,NO APLICA
4,04,1,1994,AUDITORIA SUPERIOR DEL ESTADO DE CAMPECHE
5,05,1,2007,AUDITORIA SUPERIOR DEL ESTADO DE COAHUILA
6,06,1,2018,ORGANO SUPERIOR DE AUDITORIA Y FISCALIZACION GUBERNAMENTAL
7,07,1,2001,AUDITORIA SUPERIOR DEL ESTADO
8,08,1,2007,AUDITORIA SUPERIOR DEL ESTADO DE CHIHUAHUA
9,09,98,ND,NO DISPONIBLE
10,10,1,2010,ENTIDAD DE AUDITORIA SUPERIOR DEL ESTADO
11,11,1,2000,AUDITORIA SUPERIOR DEL ESTADO DE GUANAJUATO
12,12,1,2017,AUDITORIA SUPERIOR DEL ESTADO DE GUERRERO
13,13,1,2017,AUDITORIA SUPERIOR DEL ESTADO DE HIDALGO
14,14,1,NSS,ORGANO INTERNO DE CONTROL
15,15,1,2004,ORGANO SUPERIOR DE FISCALIZACION DEL ESTADO DE MEXICO
16,16,1,2019,AUDITORIA SUPERIOR DE MICHOACAN
17,17,3,NA,NO APLICA
18,18,1,2016,AUDITORIA SUPERIOR DEL ESTADO DE NAYARIT
19,19,1,2006,AUDITORIA SUPERIOR DEL ESTADO DE NUEVO LEON
20,20,3,NA,NO APLICA
21,21,1,2012,AUDITORIA SUPERIOR DEL ESTADO DE PUEBLA
22,22,2,NA,NO APLICA
23,23,1,2018,ORGANO INTERNO DE CONTROL DEL PODER LEGISLATIVO
24,24,1,2023,INSTITUTO DE FISCALIZACION SUPERIOR DEL ESTADO DE SAN LUIS POTOSI
25,25,1,NSS,AUDITORIA SUPERIOR DEL ESTADO DE SINALOA
26,26,3,NA,NO APLICA
27,27,1,2022,ORGANO SUPERIOR DE FISCALIZACION DEL ESTADO DE TABASCO
28,28,1,2001,AUDITORIA SUPERIOR DEL ESTADO DE TAMAULIPAS
29,29,1,2005,ORGANO DE FISCALIZACION SUPERIOR DEL ESTADO DE TLAXCALA
30,30,1,2000,ORGANO DE FISCALIZACION SUPERIOR DEL ESTADO DE VERACRUZ
31,31,3,NA,NO APLICA
32,32,1,1986,AUDITORIA SUPERIOR DEL ESTADO DE ZACATECAS
