entidad_a,enticve1,rnspni1,anios_a,nombre1
1,01,0,NA,NO APLICA
2,02,0,NA,NO APLICA
3,03,0,NA,NO APLICA
4,04,3,NA,NO APLICA
5,05,0,NA,NO APLICA
6,06,0,NA,NO APLICA
7,07,0,NA,NO APLICA
8,08,0,NA,NO APLICA
9,09,98,ND,NO DISPONIBLE
10,10,1,2010,CENTRO DE INVESTIGACIONES Y ESTUDIOS LEGISLATIVOS
11,11,0,NA,NO APLICA
12,12,0,NA,NO APLICA
13,13,1,2011,AREA DE ESTADISTICAS
14,14,0,NA,NO APLICA
15,15,0,NA,NO APLICA
16,16,2,NA,NO APLICA
17,17,0,NA,NO APLICA
18,18,1,2013,COORDINACION DE REGISTRO DOCUMENTAL Y ESTADISTICA PARLAMENTARIA
19,19,0,NA,NO APLICA
20,20,0,NA,NO APLICA
21,21,0,NA,NO APLICA
22,22,1,1998,DIRECCION DE INVESTIGACION Y ESTADISTICA LEGISLATIVA
23,23,0,NA,NO APLICA
24,24,0,NA,NO APLICA
25,25,1,2016,DEPARTAMENTO DE ESTADISTICA E INDICADORES PARLAMENTARIOS
26,26,0,NA,NO APLICA
27,27,0,NA,NO APLICA
28,28,1,2016,DEPARTAMENTO DE PLANEACION ESTRATEGICA
29,29,0,NA,NO APLICA
30,30,0,NA,NO APLICA
31,31,0,NA,NO APLICA
32,32,0,NA,NO APLICA
